number,incident_state,active,reassignment_count,reopen_count,sys_mod_count,made_sla,caller_id,opened_by,opened_at,sys_created_by,sys_created_at,sys_updated_by,sys_updated_at,contact_type,location,category,subcategory,u_symptom,cmdb_ci,impact,urgency,priority,assignment_group,assigned_to,knowledge,u_priority_confirmation,notify,problem_id,rfc,vendor,caused_by,closed_code,resolved_by,resolved_at,closed_at
INC0000045,New,true,0,0,0,true,Caller 2403,Opened by  8,29/2/2016 01:16,Created by 6,29/2/2016 01:23,Updated by 21,29/2/2016 01:23,Phone,Location 143,Category 55,Subcategory 170,Symptom 72,?,2 - Medium,2 - Medium,3 - Moderate,Group 56,?,true,false,Do Not Notify,?,?,?,?,code 5,Resolved by 149,29/2/2016 11:29,5/3/2016 12:00
INC0000045,Resolved,true,0,0,2,true,Caller 2403,Opened by  8,29/2/2016 01:16,Created by 6,29/2/2016 01:23,Updated by 642,29/2/2016 08:53,Phone,Location 143,Category 55,Subcategory 170,Symptom 72,?,2 - Medium,2 - Medium,3 - Moderate,Group 56,?,true,false,Do Not Notify,?,?,?,?,code 5,Resolved by 149,29/2/2016 11:29,5/3/2016 12:00
INC0000045,Resolved,true,0,0,3,true,Caller 2403,Opened by  8,29/2/2016 01:16,Created by 6,29/2/2016 01:23,Updated by 804,29/2/2016 11:29,Phone,Location 143,Category 55,Subcategory 170,Symptom 72,?,2 - Medium,2 - Medium,3 - Moderate,Group 56,?,true,false,Do Not Notify,?,?,?,?,code 5,Resolved by 149,29/2/2016 11:29,5/3/2016 12:00
INC0000045,Closed,false,0,0,4,true,Caller 2403,Opened by  8,29/2/2016 01:16,Created by 6,29/2/2016 01:23,Updated by 908,5/3/2016 12:00,Phone,Location 143,Category 55,Subcategory 170,Symptom 72,?,2 - Medium,2 - Medium,3 - Moderate,Group 56,?,true,false,Do Not Notify,?,?,?,?,code 5,Resolved by 149,29/2/2016 11:29,5/3/2016 12:00
INC0000047,New,true,0,0,0,true,Caller 2403,Opened by  397,29/2/2016 04:40,Created by 171,29/2/2016 04:57,Updated by 746,29/2/2016 04:57,Phone,Location 165,Category 40,Subcategory 215,Symptom 471,?,2 - Medium,2 - Medium,3 - Moderate,Group 70,Resolver 89,true,false,Do Not Notify,?,?,?,?,code 5,Resolved by 81,1/3/2016 09:52,6/3/2016 10:00
INC0000047,Active,true,1,0,1,true,Caller 2403,Opened by  397,29/2/2016 04:40,Created by 171,29/2/2016 04:57,Updated by 21,29/2/2016 05:30,Phone,Location 165,Category 40,Subcategory 215,Symptom 471,?,2 - Medium,2 - Medium,3 - Moderate,Group 24,Resolver 31,true,false,Do Not Notify,?,?,?,?,code 5,Resolved by 81,1/3/2016 09:52,6/3/2016 10:00
INC0000047,Active,true,1,0,2,true,Caller 2403,Opened by  397,29/2/2016 04:40,Created by 171,29/2/2016 04:57,Updated by 21,29/2/2016 05:33,Phone,Location 165,Category 40,Subcategory 215,Symptom 471,?,2 - Medium,2 - Medium,3 - Moderate,Group 24,Resolver 31,true,false,Do Not Notify,?,?,?,?,code 5,Resolved by 81,1/3/2016 09:52,6/3/2016 10:00
INC0000047,Active,true,1,0,3,true,Caller 2403,Opened by  397,29/2/2016 04:40,Created by 171,29/2/2016 04:57,Updated by 804,29/2/2016 11:31,Phone,Location 165,Category 40,Subcategory 215,Symptom 471,?,2 - Medium,2 - Medium,3 - Moderate,Group 24,Resolver 31,true,false,Do Not Notify,?,?,?,?,code 5,Resolved by 81,1/3/2016 09:52,6/3/2016 10:00
INC0000047,Active,true,1,0,4,true,Caller 2403,Opened by  397,29/2/2016 04:40,Created by 171,29/2/2016 04:57,Updated by 703,29/2/2016 11:32,Phone,Location 165,Category 40,Subcategory 215,Symptom 471,?,2 - Medium,2 - Medium,3 - Moderate,Group 24,Resolver 31,true,false,Do Not Notify,?,?,?,?,code 5,Resolved by 81,1/3/2016 09:52,6/3/2016 10:00
INC0000047,Active,true,1,0,5,true,Caller 2403,Opened by  397,29/2/2016 04:40,Created by 171,29/2/2016 04:57,Updated by 332,1/3/2016 09:14,Phone,Location 165,Category 40,Subcategory 215,Symptom 471,?,2 - Medium,2 - Medium,3 - Moderate,Group 24,Resolver 31,true,false,Do Not Notify,?,?,?,?,code 5,Resolved by 81,1/3/2016 09:52,6/3/2016 10:00
INC0000047,Awaiting User Info,true,1,0,6,true,Caller 2403,Opened by  397,29/2/2016 04:40,Created by 171,29/2/2016 04:57,Updated by 332,1/3/2016 09:14,Phone,Location 165,Category 40,Subcategory 215,Symptom 471,?,2 - Medium,2 - Medium,3 - Moderate,Group 24,Resolver 89,true,false,Do Not Notify,?,?,?,?,code 5,Resolved by 81,1/3/2016 09:52,6/3/2016 10:00
INC0000047,Resolved,true,1,0,7,true,Caller 2403,Opened by  397,29/2/2016 04:40,Created by 171,29/2/2016 04:57,Updated by 332,1/3/2016 09:52,Phone,Location 165,Category 40,Subcategory 215,Symptom 471,?,2 - Medium,2 - Medium,3 - Moderate,Group 24,Resolver 89,true,false,Do Not Notify,?,?,?,?,code 5,Resolved by 81,1/3/2016 09:52,6/3/2016 10:00
INC0000047,Closed,false,1,0,8,true,Caller 2403,Opened by  397,29/2/2016 04:40,Created by 171,29/2/2016 04:57,Updated by 908,6/3/2016 10:00,Phone,Location 165,Category 40,Subcategory 215,Symptom 471,?,2 - Medium,2 - Medium,3 - Moderate,Group 24,Resolver 89,true,false,Do Not Notify,?,?,?,?,code 5,Resolved by 81,1/3/2016 09:52,6/3/2016 10:00
INC0000057,New,true,0,0,0,true,Caller 4416,Opened by  8,29/2/2016 06:10,?,?,Updated by 21,29/2/2016 06:26,Phone,Location 204,Category 20,Subcategory 125,Symptom 471,?,2 - Medium,2 - Medium,3 - Moderate,Group 70,?,true,false,Do Not Notify,?,?,?,?,code 10,Resolved by 5,1/3/2016 02:55,6/3/2016 03:00
INC0000057,New,true,0,0,1,true,Caller 4416,Opened by  8,29/2/2016 06:10,?,?,Updated by 21,29/2/2016 06:38,Phone,Location 204,Category 20,Subcategory 125,Symptom 471,?,2 - Medium,2 - Medium,3 - Moderate,Group 70,?,true,false,Do Not Notify,?,?,?,?,code 10,Resolved by 5,1/3/2016 02:55,6/3/2016 03:00
INC0000057,New,true,0,0,2,true,Caller 4416,Opened by  8,29/2/2016 06:10,?,?,Updated by 451,29/2/2016 10:06,Phone,Location 204,Category 20,Subcategory 125,Symptom 471,?,2 - Medium,2 - Medium,3 - Moderate,Group 70,?,true,false,Do Not Notify,Problem ID  2,?,?,?,code 10,Resolved by 5,1/3/2016 02:55,6/3/2016 03:00
INC0000057,New,true,0,0,3,true,Caller 4416,Opened by  8,29/2/2016 06:10,?,?,Updated by 21,1/3/2016 02:53,Phone,Location 204,Category 20,Subcategory 125,Symptom 471,?,2 - Medium,2 - Medium,3 - Moderate,Group 70,?,true,false,Do Not Notify,Problem ID  2,?,?,?,code 10,Resolved by 5,1/3/2016 02:55,6/3/2016 03:00
INC0000057,New,true,0,0,4,true,Caller 4416,Opened by  8,29/2/2016 06:10,?,?,Updated by 21,1/3/2016 02:54,Phone,Location 204,Category 20,Subcategory 125,Symptom 471,?,2 - Medium,2 - Medium,3 - Moderate,Group 70,?,true,false,Do Not Notify,Problem ID  2,?,?,?,code 10,Resolved by 5,1/3/2016 02:55,6/3/2016 03:00
INC0000057,Resolved,true,0,0,5,true,Caller 4416,Opened by  8,29/2/2016 06:10,?,?,Updated by 21,1/3/2016 02:55,Phone,Location 204,Category 20,Subcategory 125,Symptom 471,?,2 - Medium,2 - Medium,3 - Moderate,Group 70,Resolver 6,true,false,Do Not Notify,Problem ID  2,?,?,?,code 10,Resolved by 5,1/3/2016 02:55,6/3/2016 03:00
INC0000057,Closed,false,0,0,6,true,Caller 4416,Opened by  8,29/2/2016 06:10,?,?,Updated by 908,6/3/2016 03:00,Phone,Location 204,Category 20,Subcategory 125,Symptom 471,?,2 - Medium,2 - Medium,3 - Moderate,Group 70,Resolver 6,true,false,Do Not Notify,Problem ID  2,?,?,?,code 10,Resolved by 5,1/3/2016 02:55,6/3/2016 03:00
INC0000060,New,true,0,0,0,true,Caller 4491,Opened by  180,29/2/2016 06:38,Created by 81,29/2/2016 06:42,Updated by 340,29/2/2016 06:42,Phone,Location 204,Category 9,Subcategory 97,Symptom 450,?,2 - Medium,2 - Medium,3 - Moderate,Group 25,Resolver 125,true,false,Do Not Notify,?,?,?,?,code 3,Resolved by 113,2/3/2016 12:06,7/3/2016 13:00
INC0000060,Active,true,0,0,1,true,Caller 4491,Opened by  180,29/2/2016 06:38,Created by 81,29/2/2016 06:42,Updated by 465,2/3/2016 08:52,Phone,Location 204,Category 9,Subcategory 97,Symptom 450,?,2 - Medium,2 - Medium,3 - Moderate,Group 25,Resolver 125,true,false,Do Not Notify,?,?,?,?,code 3,Resolved by 113,2/3/2016 12:06,7/3/2016 13:00
INC0000060,Resolved,true,0,0,2,true,Caller 4491,Opened by  180,29/2/2016 06:38,Created by 81,29/2/2016 06:42,Updated by 465,2/3/2016 12:06,Phone,Location 204,Category 9,Subcategory 97,Symptom 450,?,2 - Medium,2 - Medium,3 - Moderate,Group 25,Resolver 125,true,false,Do Not Notify,?,?,?,?,code 3,Resolved by 113,2/3/2016 12:06,7/3/2016 13:00
INC0000060,Closed,false,0,0,3,true,Caller 4491,Opened by  180,29/2/2016 06:38,Created by 81,29/2/2016 06:42,Updated by 908,7/3/2016 13:00,Phone,Location 204,Category 9,Subcategory 97,Symptom 450,?,2 - Medium,2 - Medium,3 - Moderate,Group 25,Resolver 125,true,false,Do Not Notify,?,?,?,?,code 3,Resolved by 113,2/3/2016 12:06,7/3/2016 13:00
INC0000062,New,true,0,0,0,true,Caller 3765,Opened by  180,29/2/2016 06:58,Created by 81,29/2/2016 07:26,Updated by 340,29/2/2016 07:26,Phone,Location 93,Category 53,Subcategory 168,Symptom 232,?,2 - Medium,2 - Medium,3 - Moderate,Group 70,?,true,false,Do Not Notify,?,?,?,?,code 7,Resolved by 62,29/2/2016 15:51,5/3/2016 16:00
INC0000062,New,true,0,0,1,true,Caller 3765,Opened by  180,29/2/2016 06:58,Created by 81,29/2/2016 07:26,Updated by 340,29/2/2016 07:29,Phone,Location 93,Category 53,Subcategory 168,Symptom 232,?,1 - High,2 - Medium,2 - High,Group 70,?,true,false,Do Not Notify,?,?,?,?,code 7,Resolved by 62,29/2/2016 15:51,5/3/2016 16:00
INC0000062,New,true,1,0,2,true,Caller 3765,Opened by  180,29/2/2016 06:58,Created by 81,29/2/2016 07:26,Updated by 340,29/2/2016 07:34,Phone,Location 93,Category 53,Subcategory 168,Symptom 232,?,1 - High,2 - Medium,2 - High,Group 23,?,true,false,Do Not Notify,?,?,?,?,code 7,Resolved by 62,29/2/2016 15:51,5/3/2016 16:00
INC0000062,New,true,1,0,3,true,Caller 3765,Opened by  180,29/2/2016 06:58,Created by 81,29/2/2016 07:26,Updated by 804,29/2/2016 11:23,Phone,Location 93,Category 53,Subcategory 168,Symptom 232,?,1 - High,2 - Medium,2 - High,Group 23,?,true,false,Do Not Notify,?,?,?,?,code 7,Resolved by 62,29/2/2016 15:51,5/3/2016 16:00
INC0000062,New,true,1,0,4,true,Caller 3765,Opened by  180,29/2/2016 06:58,Created by 81,29/2/2016 07:26,Updated by 804,29/2/2016 11:28,Phone,Location 93,Category 53,Subcategory 168,Symptom 232,?,1 - High,2 - Medium,2 - High,Group 23,?,true,false,Do Not Notify,?,?,?,?,code 7,Resolved by 62,29/2/2016 15:51,5/3/2016 16:00
INC0000062,New,true,1,0,5,true,Caller 3765,Opened by  180,29/2/2016 06:58,Created by 81,29/2/2016 07:26,Updated by 241,29/2/2016 15:51,Phone,Location 93,Category 53,Subcategory 168,Symptom 232,?,1 - High,2 - Medium,2 - High,Group 23,?,true,false,Do Not Notify,?,?,?,?,code 7,Resolved by 62,29/2/2016 15:51,5/3/2016 16:00
INC0000062,Resolved,true,1,0,6,true,Caller 3765,Opened by  180,29/2/2016 06:58,Created by 81,29/2/2016 07:26,Updated by 241,29/2/2016 15:51,Phone,Location 93,Category 53,Subcategory 168,Symptom 232,?,1 - High,2 - Medium,2 - High,Group 23,?,true,false,Do Not Notify,?,?,?,?,code 7,Resolved by 62,29/2/2016 15:51,5/3/2016 16:00
INC0000062,Closed,false,1,0,7,false,Caller 3765,Opened by  180,29/2/2016 06:58,Created by 81,29/2/2016 07:26,Updated by 908,5/3/2016 16:00,Phone,Location 93,Category 53,Subcategory 168,Symptom 232,?,1 - High,2 - Medium,2 - High,Group 23,?,true,false,Do Not Notify,?,?,?,?,code 7,Resolved by 62,29/2/2016 15:51,5/3/2016 16:00
INC0000063,New,true,0,0,0,true,Caller 2146,Opened by  180,29/2/2016 07:08,Created by 81,29/2/2016 07:17,Updated by 340,29/2/2016 07:17,Phone,Location 93,Category 20,Subcategory 125,Symptom 471,?,2 - Medium,2 - Medium,3 - Moderate,Group 70,?,true,false,Do Not Notify,?,?,?,?,code 7,Resolved by 62,29/2/2016 16:01,5/3/2016 17:00
INC0000063,New,true,0,0,1,true,Caller 2146,Opened by  180,29/2/2016 07:08,Created by 81,29/2/2016 07:17,Updated by 340,29/2/2016 07:23,Phone,Location 93,Category 20,Subcategory 125,Symptom 471,?,2 - Medium,2 - Medium,3 - Moderate,Group 70,?,true,false,Do Not Notify,?,?,?,?,code 7,Resolved by 62,29/2/2016 16:01,5/3/2016 17:00
INC0000063,New,true,0,0,2,true,Caller 2146,Opened by  180,29/2/2016 07:08,Created by 81,29/2/2016 07:17,Updated by 340,29/2/2016 07:27,Phone,Location 93,Category 20,Subcategory 125,Symptom 471,?,2 - Medium,2 - Medium,3 - Moderate,Group 70,?,true,false,Do Not Notify,?,?,?,?,code 7,Resolved by 62,29/2/2016 16:01,5/3/2016 17:00
INC0000063,New,true,0,0,3,true,Caller 2146,Opened by  180,29/2/2016 07:08,Created by 81,29/2/2016 07:17,Updated by 60,29/2/2016 07:46,Phone,Location 93,Category 20,Subcategory 125,Symptom 471,?,2 - Medium,2 - Medium,3 - Moderate,Group 70,?,true,false,Do Not Notify,?,?,?,?,code 7,Resolved by 62,29/2/2016 16:01,5/3/2016 17:00
INC0000063,New,true,1,0,4,true,Caller 2146,Opened by  180,29/2/2016 07:08,Created by 81,29/2/2016 07:17,Updated by 60,29/2/2016 07:46,Phone,Location 93,Category 20,Subcategory 125,Symptom 471,?,2 - Medium,2 - Medium,3 - Moderate,Group 23,?,true,false,Do Not Notify,?,?,?,?,code 7,Resolved by 62,29/2/2016 16:01,5/3/2016 17:00
INC0000063,New,true,1,0,5,true,Caller 2146,Opened by  180,29/2/2016 07:08,Created by 81,29/2/2016 07:17,Updated by 241,29/2/2016 16:01,Phone,Location 93,Category 20,Subcategory 125,Symptom 471,?,2 - Medium,2 - Medium,3 - Moderate,Group 23,?,true,false,Do Not Notify,?,?,?,?,code 7,Resolved by 62,29/2/2016 16:01,5/3/2016 17:00
INC0000063,Resolved,true,1,0,6,true,Caller 2146,Opened by  180,29/2/2016 07:08,Created by 81,29/2/2016 07:17,Updated by 241,29/2/2016 16:01,Phone,Location 93,Category 20,Subcategory 125,Symptom 471,?,2 - Medium,2 - Medium,3 - Moderate,Group 23,?,true,false,Do Not Notify,?,?,?,?,code 7,Resolved by 62,29/2/2016 16:01,5/3/2016 17:00
INC0000063,Closed,false,1,0,7,true,Caller 2146,Opened by  180,29/2/2016 07:08,Created by 81,29/2/2016 07:17,Updated by 908,5/3/2016 17:00,Phone,Location 93,Category 20,Subcategory 125,Symptom 471,?,2 - Medium,2 - Medium,3 - Moderate,Group 23,?,true,false,Do Not Notify,?,?,?,?,code 7,Resolved by 62,29/2/2016 16:01,5/3/2016 17:00
INC0000064,New,true,0,0,0,true,Caller 2838,Opened by  131,29/2/2016 07:10,Created by 62,29/2/2016 07:14,Updated by 265,29/2/2016 07:14,Phone,Location 143,Category 53,Subcategory 168,Symptom 580,?,2 - Medium,2 - Medium,3 - Moderate,Group 70,Resolver 78,true,false,Do Not Notify,?,?,?,?,code 6,Resolved by 71,3/3/2016 16:00,8/3/2016 17:00
INC0000064,New,true,0,0,1,true,Caller 2838,Opened by  131,29/2/2016 07:10,Created by 62,29/2/2016 07:14,Updated by 265,29/2/2016 07:16,Phone,Location 143,Category 53,Subcategory 168,Symptom 580,?,2 - Medium,2 - Medium,3 - Moderate,Group 70,Resolver 78,true,false,Do Not Notify,?,?,?,?,code 6,Resolved by 71,3/3/2016 16:00,8/3/2016 17:00
INC0000064,Active,true,0,0,2,true,Caller 2838,Opened by  131,29/2/2016 07:10,Created by 62,29/2/2016 07:14,Updated by 723,29/2/2016 13:12,Phone,Location 143,Category 53,Subcategory 168,Symptom 580,?,2 - Medium,2 - Medium,3 - Moderate,Group 70,Resolver 186,true,false,Do Not Notify,?,?,?,?,code 6,Resolved by 71,3/3/2016 16:00,8/3/2016 17:00
INC0000064,Active,true,1,0,3,true,Caller 2838,Opened by  131,29/2/2016 07:10,Created by 62,29/2/2016 07:14,Updated by 723,29/2/2016 13:13,Phone,Location 143,Category 53,Subcategory 168,Symptom 580,?,2 - Medium,2 - Medium,3 - Moderate,Group 28,?,true,false,Do Not Notify,?,?,?,?,code 6,Resolved by 71,3/3/2016 16:00,8/3/2016 17:00
INC0000064,Active,true,1,0,4,true,Caller 2838,Opened by  131,29/2/2016 07:10,Created by 62,29/2/2016 07:14,Updated by 307,2/3/2016 09:17,Phone,Location 143,Category 53,Subcategory 168,Symptom 580,?,2 - Medium,2 - Medium,3 - Moderate,Group 28,Resolver 78,true,false,Do Not Notify,?,?,?,?,code 6,Resolved by 71,3/3/2016 16:00,8/3/2016 17:00
INC0000064,Active,true,1,0,5,true,Caller 2838,Opened by  131,29/2/2016 07:10,Created by 62,29/2/2016 07:14,Updated by 307,2/3/2016 12:00,Phone,Location 143,Category 53,Subcategory 168,Symptom 580,?,2 - Medium,2 - Medium,3 - Moderate,Group 28,Resolver 78,true,false,Do Not Notify,?,?,?,?,code 6,Resolved by 71,3/3/2016 16:00,8/3/2016 17:00
INC0000064,Active,true,1,0,6,true,Caller 2838,Opened by  131,29/2/2016 07:10,Created by 62,29/2/2016 07:14,Updated by 307,3/3/2016 16:00,Phone,Location 143,Category 53,Subcategory 168,Symptom 580,?,2 - Medium,2 - Medium,3 - Moderate,Group 28,Resolver 78,true,false,Do Not Notify,?,?,?,?,code 6,Resolved by 71,3/3/2016 16:00,8/3/2016 17:00
INC0000064,Resolved,true,1,0,7,true,Caller 2838,Opened by  131,29/2/2016 07:10,Created by 62,29/2/2016 07:14,Updated by 307,3/3/2016 16:00,Phone,Location 143,Category 53,Subcategory 168,Symptom 580,?,2 - Medium,2 - Medium,3 - Moderate,Group 28,Resolver 78,true,false,Do Not Notify,?,?,?,?,code 6,Resolved by 71,3/3/2016 16:00,8/3/2016 17:00
INC0000064,Closed,false,1,0,8,true,Caller 2838,Opened by  131,29/2/2016 07:10,Created by 62,29/2/2016 07:14,Updated by 908,8/3/2016 17:00,Phone,Location 143,Category 53,Subcategory 168,Symptom 580,?,2 - Medium,2 - Medium,3 - Moderate,Group 28,Resolver 78,true,false,Do Not Notify,?,?,?,?,code 6,Resolved by 71,3/3/2016 16:00,8/3/2016 17:00
INC0000065,New,true,0,0,0,true,Caller 5323,Opened by  131,29/2/2016 07:38,Created by 62,29/2/2016 07:46,Updated by 265,29/2/2016 07:46,Phone,Location 108,Category 44,Subcategory 229,Symptom 580,?,2 - Medium,2 - Medium,3 - Moderate,Group 5,Resolver 216,true,false,Do Not Notify,?,?,?,?,code 1,Resolved by 197,2/3/2016 15:21,7/3/2016 16:00
INC0000065,New,true,0,0,2,true,Caller 5323,Opened by  131,29/2/2016 07:38,Created by 62,29/2/2016 07:46,Updated by 265,29/2/2016 07:55,Phone,Location 108,Category 44,Subcategory 229,Symptom 580,?,2 - Medium,2 - Medium,3 - Moderate,Group 5,Resolver 216,true,false,Do Not Notify,?,?,?,?,code 1,Resolved by 197,2/3/2016 15:21,7/3/2016 16:00
INC0000065,New,true,0,0,3,true,Caller 5323,Opened by  131,29/2/2016 07:38,Created by 62,29/2/2016 07:46,Updated by 967,29/2/2016 08:26,Phone,Location 108,Category 44,Subcategory 229,Symptom 580,?,2 - Medium,2 - Medium,3 - Moderate,Group 5,Resolver 216,true,false,Do Not Notify,?,?,?,?,code 1,Resolved by 197,2/3/2016 15:21,7/3/2016 16:00
INC0000065,New,true,1,0,4,true,Caller 5323,Opened by  131,29/2/2016 07:38,Created by 62,29/2/2016 07:46,Updated by 967,29/2/2016 08:26,Phone,Location 108,Category 44,Subcategory 229,Symptom 580,?,2 - Medium,2 - Medium,3 - Moderate,Group 70,Resolver 216,true,false,Do Not Notify,?,?,?,?,code 1,Resolved by 197,2/3/2016 15:21,7/3/2016 16:00
INC0000065,New,true,2,0,5,true,Caller 5323,Opened by  131,29/2/2016 07:38,Created by 62,29/2/2016 07:46,Updated by 798,29/2/2016 09:19,Phone,Location 108,Category 45,Subcategory 229,Symptom 580,?,2 - Medium,2 - Medium,3 - Moderate,Group 15,Resolver 216,true,false,Do Not Notify,?,?,?,?,code 1,Resolved by 197,2/3/2016 15:21,7/3/2016 16:00
INC0000065,New,true,2,0,6,true,Caller 5323,Opened by  131,29/2/2016 07:38,Created by 62,29/2/2016 07:46,Updated by 653,29/2/2016 09:26,Phone,Location 108,Category 45,Subcategory 229,Symptom 580,?,2 - Medium,2 - Medium,3 - Moderate,Group 15,Resolver 216,true,false,Do Not Notify,?,?,?,?,code 1,Resolved by 197,2/3/2016 15:21,7/3/2016 16:00
INC0000065,New,true,3,0,7,true,Caller 5323,Opened by  131,29/2/2016 07:38,Created by 62,29/2/2016 07:46,Updated by 653,29/2/2016 09:27,Phone,Location 108,Category 45,Subcategory 229,Symptom 580,?,2 - Medium,2 - Medium,3 - Moderate,Group 70,Resolver 216,true,false,Do Not Notify,?,?,?,?,code 1,Resolved by 197,2/3/2016 15:21,7/3/2016 16:00
INC0000065,New,true,4,0,8,true,Caller 5323,Opened by  131,29/2/2016 07:38,Created by 62,29/2/2016 07:46,Updated by 750,29/2/2016 11:17,Phone,Location 108,Category 45,Subcategory 229,Symptom 580,?,2 - Medium,2 - Medium,3 - Moderate,Group 12,Resolver 216,true,false,Do Not Notify,?,?,?,?,code 1,Resolved by 197,2/3/2016 15:21,7/3/2016 16:00
INC0000065,New,true,5,0,9,true,Caller 5323,Opened by  131,29/2/2016 07:38,Created by 62,29/2/2016 07:46,Updated by 798,29/2/2016 14:51,Phone,Location 108,Category 45,Subcategory 229,Symptom 580,?,2 - Medium,2 - Medium,3 - Moderate,Group 15,Resolver 216,true,false,Do Not Notify,?,?,?,?,code 1,Resolved by 197,2/3/2016 15:21,7/3/2016 16:00
INC0000065,New,true,6,0,10,true,Caller 5323,Opened by  131,29/2/2016 07:38,Created by 62,29/2/2016 07:46,Updated by 164,1/3/2016 16:52,Phone,Location 108,Category 45,Subcategory 94,Symptom 311,?,2 - Medium,2 - Medium,3 - Moderate,Group 33,Resolver 216,true,false,Do Not Notify,?,?,?,?,code 1,Resolved by 197,2/3/2016 15:21,7/3/2016 16:00
INC0000065,Awaiting User Info,true,6,0,11,true,Caller 5323,Opened by  131,29/2/2016 07:38,Created by 62,29/2/2016 07:46,Updated by 862,2/3/2016 15:17,Phone,Location 108,Category 45,Subcategory 94,Symptom 311,?,2 - Medium,2 - Medium,3 - Moderate,Group 33,Resolver 216,true,false,Do Not Notify,?,?,?,?,code 1,Resolved by 197,2/3/2016 15:21,7/3/2016 16:00
INC0000065,Resolved,true,6,0,12,true,Caller 5323,Opened by  131,29/2/2016 07:38,Created by 62,29/2/2016 07:46,Updated by 862,2/3/2016 15:21,Phone,Location 108,Category 45,Subcategory 94,Symptom 311,?,2 - Medium,2 - Medium,3 - Moderate,Group 33,Resolver 216,true,false,Do Not Notify,?,?,?,?,code 1,Resolved by 197,2/3/2016 15:21,7/3/2016 16:00
INC0000065,Closed,false,6,0,13,true,Caller 5323,Opened by  131,29/2/2016 07:38,Created by 62,29/2/2016 07:46,Updated by 908,7/3/2016 16:00,Phone,Location 108,Category 45,Subcategory 94,Symptom 311,?,2 - Medium,2 - Medium,3 - Moderate,Group 33,Resolver 216,true,false,Do Not Notify,?,?,?,?,code 1,Resolved by 197,2/3/2016 15:21,7/3/2016 16:00
INC0000066,New,true,0,0,0,true,Caller 3796,Opened by  24,29/2/2016 08:03,Created by 13,29/2/2016 08:18,Updated by 60,29/2/2016 08:18,Phone,Location 161,Category 55,Subcategory 185,?,?,2 - Medium,2 - Medium,3 - Moderate,Group 70,?,true,false,Do Not Notify,?,?,?,?,code 5,Resolved by 208,2/3/2016 14:37,7/3/2016 15:00
INC0000066,New,true,1,0,1,true,Caller 3796,Opened by  24,29/2/2016 08:03,Created by 13,29/2/2016 08:18,Updated by 750,29/2/2016 11:10,Phone,Location 161,Category 55,Subcategory 185,?,?,2 - Medium,2 - Medium,3 - Moderate,Group 54,?,true,false,Do Not Notify,?,?,?,?,code 5,Resolved by 208,2/3/2016 14:37,7/3/2016 15:00
INC0000066,Resolved,true,1,0,2,true,Caller 3796,Opened by  24,29/2/2016 08:03,Created by 13,29/2/2016 08:18,Updated by 874,2/3/2016 14:37,Phone,Location 161,Category 55,Subcategory 185,?,?,2 - Medium,2 - Medium,3 - Moderate,Group 54,?,true,false,Do Not Notify,?,?,?,?,code 5,Resolved by 208,2/3/2016 14:37,7/3/2016 15:00
INC0000066,Closed,false,1,0,3,true,Caller 3796,Opened by  24,29/2/2016 08:03,Created by 13,29/2/2016 08:18,Updated by 908,7/3/2016 15:00,Phone,Location 161,Category 55,Subcategory 185,?,?,2 - Medium,2 - Medium,3 - Moderate,Group 54,?,true,false,Do Not Notify,?,?,?,?,code 5,Resolved by 208,2/3/2016 14:37,7/3/2016 15:00
INC0000067,New,true,0,0,0,true,Caller 442,Opened by  180,29/2/2016 08:03,Created by 81,29/2/2016 08:05,Updated by 340,29/2/2016 08:05,Phone,Location 143,Category 9,Subcategory 110,Symptom 470,?,2 - Medium,2 - Medium,3 - Moderate,Group 70,Resolver 236,true,false,Do Not Notify,?,?,?,?,code 1,Resolved by 215,2/3/2016 11:11,7/3/2016 12:00
INC0000067,New,true,0,0,1,true,Caller 442,Opened by  180,29/2/2016 08:03,Created by 81,29/2/2016 08:05,Updated by 340,29/2/2016 08:13,Phone,Location 143,Category 9,Subcategory 110,Symptom 470,?,2 - Medium,2 - Medium,3 - Moderate,Group 70,Resolver 236,true,false,Do Not Notify,?,?,?,?,code 1,Resolved by 215,2/3/2016 11:11,7/3/2016 12:00
INC0000067,New,true,0,0,2,true,Caller 442,Opened by  180,29/2/2016 08:03,Created by 81,29/2/2016 08:05,Updated by 340,29/2/2016 08:15,Phone,Location 143,Category 9,Subcategory 110,Symptom 470,?,2 - Medium,2 - Medium,3 - Moderate,Group 70,Resolver 236,true,false,Do Not Notify,?,?,?,?,code 1,Resolved by 215,2/3/2016 11:11,7/3/2016 12:00
INC0000067,Active,true,0,0,3,true,Caller 442,Opened by  180,29/2/2016 08:03,Created by 81,29/2/2016 08:05,Updated by 340,29/2/2016 08:16,Phone,Location 143,Category 9,Subcategory 110,Symptom 470,?,2 - Medium,2 - Medium,3 - Moderate,Group 70,Resolver 17,true,false,Do Not Notify,?,?,?,?,code 1,Resolved by 215,2/3/2016 11:11,7/3/2016 12:00
INC0000067,Active,true,0,0,4,true,Caller 442,Opened by  180,29/2/2016 08:03,Created by 81,29/2/2016 08:05,Updated by 60,29/2/2016 08:30,Phone,Location 143,Category 9,Subcategory 110,Symptom 470,?,2 - Medium,2 - Medium,3 - Moderate,Group 70,Resolver 17,true,false,Do Not Notify,?,?,?,?,code 1,Resolved by 215,2/3/2016 11:11,7/3/2016 12:00
INC0000067,Active,true,1,0,5,true,Caller 442,Opened by  180,29/2/2016 08:03,Created by 81,29/2/2016 08:05,Updated by 340,29/2/2016 09:43,Phone,Location 143,Category 9,Subcategory 110,Symptom 470,?,2 - Medium,2 - Medium,3 - Moderate,Group 28,?,true,false,Do Not Notify,?,?,?,?,code 1,Resolved by 215,2/3/2016 11:11,7/3/2016 12:00
INC0000067,Active,true,1,0,6,true,Caller 442,Opened by  180,29/2/2016 08:03,Created by 81,29/2/2016 08:05,Updated by 340,29/2/2016 09:44,Phone,Location 143,Category 9,Subcategory 110,Symptom 470,?,2 - Medium,2 - Medium,3 - Moderate,Group 28,?,true,false,Do Not Notify,?,?,?,?,code 1,Resolved by 215,2/3/2016 11:11,7/3/2016 12:00
INC0000067,Active,true,1,0,7,true,Caller 442,Opened by  180,29/2/2016 08:03,Created by 81,29/2/2016 08:05,Updated by 88,29/2/2016 09:58,Phone,Location 143,Category 9,Subcategory 110,Symptom 470,?,2 - Medium,2 - Medium,3 - Moderate,Group 28,?,true,false,Do Not Notify,?,?,?,?,code 1,Resolved by 215,2/3/2016 11:11,7/3/2016 12:00
INC0000067,Active,true,1,0,8,true,Caller 442,Opened by  180,29/2/2016 08:03,Created by 81,29/2/2016 08:05,Updated by 928,2/3/2016 09:18,Phone,Location 143,Category 9,Subcategory 110,Symptom 470,?,2 - Medium,2 - Medium,3 - Moderate,Group 28,Resolver 236,true,false,Do Not Notify,?,?,?,?,code 1,Resolved by 215,2/3/2016 11:11,7/3/2016 12:00
INC0000067,Resolved,true,1,0,9,true,Caller 442,Opened by  180,29/2/2016 08:03,Created by 81,29/2/2016 08:05,Updated by 928,2/3/2016 11:11,Phone,Location 143,Category 9,Subcategory 110,Symptom 470,?,2 - Medium,2 - Medium,3 - Moderate,Group 28,Resolver 236,true,false,Do Not Notify,?,?,?,?,code 1,Resolved by 215,2/3/2016 11:11,7/3/2016 12:00
INC0000067,Closed,false,1,0,10,true,Caller 442,Opened by  180,29/2/2016 08:03,Created by 81,29/2/2016 08:05,Updated by 908,7/3/2016 12:00,Phone,Location 143,Category 9,Subcategory 110,Symptom 470,?,2 - Medium,2 - Medium,3 - Moderate,Group 28,Resolver 236,true,false,Do Not Notify,?,?,?,?,code 1,Resolved by 215,2/3/2016 11:11,7/3/2016 12:00
INC0000070,New,true,0,0,0,true,Caller 3757,Opened by  131,29/2/2016 08:11,Created by 62,29/2/2016 08:38,Updated by 265,29/2/2016 08:38,Phone,Location 46,Category 9,Subcategory 164,Symptom 592,?,2 - Medium,2 - Medium,3 - Moderate,Group 70,Resolver 31,true,false,Do Not Notify,?,?,?,?,code 11,Resolved by 30,8/3/2016 09:55,24/3/2016 18:40
INC0000070,Active,true,0,0,1,true,Caller 3757,Opened by  131,29/2/2016 08:11,Created by 62,29/2/2016 08:38,Updated by 723,29/2/2016 13:18,Phone,Location 46,Category 9,Subcategory 164,Symptom 592,?,2 - Medium,2 - Medium,3 - Moderate,Group 70,Resolver 31,true,false,Do Not Notify,?,?,?,?,code 11,Resolved by 30,8/3/2016 09:55,24/3/2016 18:40
INC0000070,Active,true,0,0,2,true,Caller 3757,Opened by  131,29/2/2016 08:11,Created by 62,29/2/2016 08:38,Updated by 723,29/2/2016 13:21,Phone,Location 46,Category 9,Subcategory 164,Symptom 592,?,2 - Medium,2 - Medium,3 - Moderate,Group 70,Resolver 186,true,false,Do Not Notify,?,?,?,?,code 11,Resolved by 30,8/3/2016 09:55,24/3/2016 18:40
INC0000070,Awaiting User Info,true,0,0,3,true,Caller 3757,Opened by  131,29/2/2016 08:11,Created by 62,29/2/2016 08:38,Updated by 723,29/2/2016 13:26,Phone,Location 46,Category 9,Subcategory 164,Symptom 592,?,2 - Medium,2 - Medium,3 - Moderate,Group 70,Resolver 186,true,false,Do Not Notify,?,?,?,?,code 11,Resolved by 30,8/3/2016 09:55,24/3/2016 18:40
INC0000070,Awaiting User Info,true,1,0,5,true,Caller 3757,Opened by  131,29/2/2016 08:11,Created by 62,29/2/2016 08:38,Updated by 336,4/3/2016 11:49,Phone,Location 46,Category 9,Subcategory 164,Symptom 592,?,2 - Medium,2 - Medium,3 - Moderate,Group 29,?,true,false,Do Not Notify,?,?,?,?,code 11,Resolved by 30,8/3/2016 09:55,24/3/2016 18:40
INC0000070,Awaiting User Info,true,1,0,7,true,Caller 3757,Opened by  131,29/2/2016 08:11,Created by 62,29/2/2016 08:38,Updated by 135,8/3/2016 09:54,Phone,Location 46,Category 9,Subcategory 164,Symptom 592,?,2 - Medium,2 - Medium,3 - Moderate,Group 29,?,true,false,Do Not Notify,?,?,?,?,code 11,Resolved by 30,8/3/2016 09:55,24/3/2016 18:40
INC0000070,Resolved,true,1,0,8,true,Caller 3757,Opened by  131,29/2/2016 08:11,Created by 62,29/2/2016 08:38,Updated by 135,8/3/2016 09:55,Phone,Location 46,Category 9,Subcategory 164,Symptom 592,?,2 - Medium,2 - Medium,3 - Moderate,Group 29,Resolver 31,true,false,Do Not Notify,?,?,?,?,code 11,Resolved by 30,8/3/2016 09:55,24/3/2016 18:40
INC0000070,Closed,false,1,0,9,false,Caller 3757,Opened by  131,29/2/2016 08:11,Created by 62,29/2/2016 08:38,Updated by 908,24/3/2016 18:40,Phone,Location 46,Category 9,Subcategory 164,Symptom 592,?,2 - Medium,2 - Medium,3 - Moderate,Group 29,Resolver 31,true,false,Do Not Notify,?,?,?,?,code 11,Resolved by 30,8/3/2016 09:55,24/3/2016 18:40
INC0000071,New,true,0,0,0,true,Caller 271,Opened by  180,29/2/2016 08:12,Created by 81,29/2/2016 08:17,Updated by 340,29/2/2016 08:17,Phone,Location 161,Category 9,Subcategory 164,Symptom 470,?,2 - Medium,2 - Medium,3 - Moderate,Group 24,Resolver 249,true,false,Do Not Notify,?,?,?,?,code 5,Resolved by 227,1/3/2016 10:38,6/3/2016 11:00
INC0000071,New,true,0,0,1,true,Caller 271,Opened by  180,29/2/2016 08:12,Created by 81,29/2/2016 08:17,Updated by 974,1/3/2016 08:35,Phone,Location 161,Category 9,Subcategory 164,Symptom 470,?,2 - Medium,2 - Medium,3 - Moderate,Group 24,Resolver 249,true,false,Do Not Notify,?,?,?,?,code 5,Resolved by 227,1/3/2016 10:38,6/3/2016 11:00
INC0000071,New,true,0,0,2,true,Caller 271,Opened by  180,29/2/2016 08:12,Created by 81,29/2/2016 08:17,Updated by 974,1/3/2016 08:37,Phone,Location 161,Category 9,Subcategory 164,Symptom 470,?,2 - Medium,2 - Medium,3 - Moderate,Group 24,Resolver 249,true,false,Do Not Notify,?,?,?,?,code 5,Resolved by 227,1/3/2016 10:38,6/3/2016 11:00
INC0000071,New,true,0,0,3,true,Caller 271,Opened by  180,29/2/2016 08:12,Created by 81,29/2/2016 08:17,Updated by 974,1/3/2016 08:40,Phone,Location 161,Category 9,Subcategory 164,Symptom 470,?,2 - Medium,2 - Medium,3 - Moderate,Group 24,Resolver 249,true,false,Do Not Notify,?,?,?,?,code 5,Resolved by 227,1/3/2016 10:38,6/3/2016 11:00
INC0000071,Awaiting User Info,true,0,0,4,true,Caller 271,Opened by  180,29/2/2016 08:12,Created by 81,29/2/2016 08:17,Updated by 974,1/3/2016 08:40,Phone,Location 161,Category 9,Subcategory 164,Symptom 470,?,2 - Medium,2 - Medium,3 - Moderate,Group 24,Resolver 249,true,false,Do Not Notify,?,?,?,?,code 5,Resolved by 227,1/3/2016 10:38,6/3/2016 11:00
INC0000071,Awaiting User Info,true,0,0,5,true,Caller 271,Opened by  180,29/2/2016 08:12,Created by 81,29/2/2016 08:17,Updated by 974,1/3/2016 10:37,Phone,Location 161,Category 9,Subcategory 164,Symptom 470,?,2 - Medium,2 - Medium,3 - Moderate,Group 24,Resolver 249,true,false,Do Not Notify,?,?,?,?,code 5,Resolved by 227,1/3/2016 10:38,6/3/2016 11:00
INC0000071,Resolved,true,0,0,6,true,Caller 271,Opened by  180,29/2/2016 08:12,Created by 81,29/2/2016 08:17,Updated by 974,1/3/2016 10:38,Phone,Location 161,Category 9,Subcategory 164,Symptom 470,?,2 - Medium,2 - Medium,3 - Moderate,Group 24,Resolver 249,true,false,Do Not Notify,?,?,?,?,code 5,Resolved by 227,1/3/2016 10:38,6/3/2016 11:00
INC0000071,Closed,false,0,0,7,true,Caller 271,Opened by  180,29/2/2016 08:12,Created by 81,29/2/2016 08:17,Updated by 908,6/3/2016 11:00,Phone,Location 161,Category 9,Subcategory 164,Symptom 470,?,2 - Medium,2 - Medium,3 - Moderate,Group 24,Resolver 249,true,false,Do Not Notify,?,?,?,?,code 5,Resolved by 227,1/3/2016 10:38,6/3/2016 11:00
INC0000073,Active,true,0,0,0,true,Caller 2519,Opened by  40,29/2/2016 08:22,Created by 20,29/2/2016 08:30,Updated by 88,29/2/2016 08:30,Phone,Location 42,Category 53,Subcategory 271,Symptom 470,?,2 - Medium,2 - Medium,3 - Moderate,Group 70,?,true,false,Do Not Notify,Problem ID  2,?,?,?,code 11,Resolved by 208,1/3/2016 15:37,6/3/2016 16:00
INC0000073,Active,true,0,0,2,true,Caller 2519,Opened by  40,29/2/2016 08:22,Created by 20,29/2/2016 08:30,Updated by 451,29/2/2016 10:06,Phone,Location 42,Category 53,Subcategory 271,Symptom 470,?,2 - Medium,2 - Medium,3 - Moderate,Group 70,?,true,false,Do Not Notify,Problem ID  2,?,?,?,code 11,Resolved by 208,1/3/2016 15:37,6/3/2016 16:00
INC0000073,Active,true,1,0,3,true,Caller 2519,Opened by  40,29/2/2016 08:22,Created by 20,29/2/2016 08:30,Updated by 750,29/2/2016 11:11,Phone,Location 42,Category 53,Subcategory 271,Symptom 470,?,2 - Medium,2 - Medium,3 - Moderate,Group 54,?,true,false,Do Not Notify,Problem ID  2,?,?,?,code 11,Resolved by 208,1/3/2016 15:37,6/3/2016 16:00
INC0000073,Active,true,1,0,4,true,Caller 2519,Opened by  40,29/2/2016 08:22,Created by 20,29/2/2016 08:30,Updated by 874,1/3/2016 15:35,Phone,Location 42,Category 53,Subcategory 271,Symptom 470,?,2 - Medium,2 - Medium,3 - Moderate,Group 54,?,true,false,Do Not Notify,Problem ID  2,?,?,?,code 11,Resolved by 208,1/3/2016 15:37,6/3/2016 16:00
INC0000073,Resolved,true,1,0,5,true,Caller 2519,Opened by  40,29/2/2016 08:22,Created by 20,29/2/2016 08:30,Updated by 874,1/3/2016 15:37,Phone,Location 42,Category 53,Subcategory 271,Symptom 470,?,2 - Medium,2 - Medium,3 - Moderate,Group 54,?,true,false,Do Not Notify,Problem ID  2,?,?,?,code 11,Resolved by 208,1/3/2016 15:37,6/3/2016 16:00
INC0000073,Closed,false,1,0,6,true,Caller 2519,Opened by  40,29/2/2016 08:22,Created by 20,29/2/2016 08:30,Updated by 908,6/3/2016 16:00,Phone,Location 42,Category 53,Subcategory 271,Symptom 470,?,2 - Medium,2 - Medium,3 - Moderate,Group 54,?,true,false,Do Not Notify,Problem ID  2,?,?,?,code 11,Resolved by 208,1/3/2016 15:37,6/3/2016 16:00
INC0000074,Active,true,0,0,0,true,Caller 527,Opened by  433,29/2/2016 08:23,?,?,Updated by 908,29/2/2016 08:23,Phone,Location 204,Category 45,Subcategory 220,?,?,2 - Medium,2 - Medium,3 - Moderate,Group 66,Resolver 193,true,false,Do Not Notify,?,?,?,?,code 6,Resolved by 158,11/4/2016 14:39,16/4/2016 15:07
INC0000074,Awaiting User Info,true,0,0,1,true,Caller 527,Opened by  433,29/2/2016 08:23,?,?,Updated by 804,29/2/2016 08:38,Phone,Location 204,Category 45,Subcategory 220,?,?,2 - Medium,2 - Medium,3 - Moderate,Group 66,Resolver 193,true,false,Do Not Notify,?,?,?,?,code 6,Resolved by 158,11/4/2016 14:39,16/4/2016 15:07
INC0000074,Awaiting User Info,true,0,0,2,true,Caller 527,Opened by  433,29/2/2016 08:23,?,?,Updated by 804,29/2/2016 14:16,Phone,Location 204,Category 45,Subcategory 220,?,?,2 - Medium,2 - Medium,3 - Moderate,Group 66,Resolver 193,true,false,Do Not Notify,?,?,?,?,code 6,Resolved by 158,11/4/2016 14:39,16/4/2016 15:07
INC0000074,Awaiting User Info,true,0,0,9,true,Caller 527,Opened by  433,29/2/2016 08:23,?,?,Updated by 804,21/3/2016 11:07,Phone,Location 204,Category 45,Subcategory 220,?,?,2 - Medium,2 - Medium,3 - Moderate,Group 66,Resolver 193,true,false,Do Not Notify,?,CHG0000404,?,?,code 6,Resolved by 158,11/4/2016 14:39,16/4/2016 15:07
INC0000074,Resolved,true,0,0,18,true,Caller 527,Opened by  433,29/2/2016 08:23,?,?,Updated by 713,11/4/2016 14:39,Phone,Location 204,Category 45,Subcategory 220,?,?,2 - Medium,2 - Medium,3 - Moderate,Group 66,Resolver 193,true,true,Do Not Notify,?,CHG0000404,?,?,code 6,Resolved by 158,11/4/2016 14:39,16/4/2016 15:07
INC0000074,Closed,false,0,0,19,false,Caller 527,Opened by  433,29/2/2016 08:23,?,?,Updated by 908,16/4/2016 15:07,Phone,Location 204,Category 45,Subcategory 220,?,?,2 - Medium,2 - Medium,3 - Moderate,Group 66,Resolver 193,true,true,Do Not Notify,?,CHG0000404,?,?,code 6,Resolved by 158,11/4/2016 14:39,16/4/2016 15:07
INC0000076,New,true,0,0,0,true,Caller 2949,Opened by  180,29/2/2016 08:25,Created by 81,29/2/2016 08:29,Updated by 340,29/2/2016 08:29,Phone,Location 93,Category 42,Subcategory 224,Symptom 470,?,2 - Medium,2 - Medium,3 - Moderate,Group 23,?,true,false,Do Not Notify,?,?,?,?,code 5,Resolved by 62,29/2/2016 16:27,5/3/2016 17:00
INC0000076,Resolved,true,0,0,1,true,Caller 2949,Opened by  180,29/2/2016 08:25,Created by 81,29/2/2016 08:29,Updated by 241,29/2/2016 16:27,Phone,Location 93,Category 42,Subcategory 224,Symptom 470,?,2 - Medium,2 - Medium,3 - Moderate,Group 23,?,true,false,Do Not Notify,?,?,?,?,code 5,Resolved by 62,29/2/2016 16:27,5/3/2016 17:00
INC0000076,Closed,false,0,0,2,true,Caller 2949,Opened by  180,29/2/2016 08:25,Created by 81,29/2/2016 08:29,Updated by 908,5/3/2016 17:00,Phone,Location 93,Category 42,Subcategory 224,Symptom 470,?,2 - Medium,2 - Medium,3 - Moderate,Group 23,?,true,false,Do Not Notify,?,?,?,?,code 5,Resolved by 62,29/2/2016 16:27,5/3/2016 17:00
INC0000077,New,true,0,0,0,true,Caller 3304,Opened by  180,29/2/2016 08:27,?,?,Updated by 908,29/2/2016 08:27,Phone,Location 108,Category 32,Subcategory 9,Symptom 470,?,2 - Medium,2 - Medium,3 - Moderate,Group 70,?,true,false,Do Not Notify,?,?,?,?,code 6,Resolved by 85,29/2/2016 09:04,5/3/2016 10:00
INC0000077,New,true,0,0,1,true,Caller 3304,Opened by  180,29/2/2016 08:27,?,?,Updated by 340,29/2/2016 08:42,Phone,Location 108,Category 32,Subcategory 9,Symptom 470,?,2 - Medium,2 - Medium,3 - Moderate,Group 70,?,true,false,Do Not Notify,?,?,?,?,code 6,Resolved by 85,29/2/2016 09:04,5/3/2016 10:00
INC0000077,New,true,0,0,2,true,Caller 3304,Opened by  180,29/2/2016 08:27,?,?,Updated by 340,29/2/2016 08:43,Phone,Location 108,Category 32,Subcategory 9,Symptom 470,?,2 - Medium,2 - Medium,3 - Moderate,Group 70,?,true,false,Do Not Notify,?,?,?,?,code 6,Resolved by 85,29/2/2016 09:04,5/3/2016 10:00
INC0000077,New,true,0,0,3,true,Caller 3304,Opened by  180,29/2/2016 08:27,?,?,Updated by 340,29/2/2016 09:03,Phone,Location 108,Category 32,Subcategory 9,Symptom 470,?,2 - Medium,2 - Medium,3 - Moderate,Group 70,?,true,false,Do Not Notify,?,?,?,?,code 6,Resolved by 85,29/2/2016 09:04,5/3/2016 10:00
INC0000077,Resolved,true,0,0,4,true,Caller 3304,Opened by  180,29/2/2016 08:27,?,?,Updated by 340,29/2/2016 09:04,Phone,Location 108,Category 32,Subcategory 9,Symptom 470,?,2 - Medium,2 - Medium,3 - Moderate,Group 70,?,true,false,Do Not Notify,?,?,?,?,code 6,Resolved by 85,29/2/2016 09:04,5/3/2016 10:00
INC0000077,Closed,false,0,0,5,true,Caller 3304,Opened by  180,29/2/2016 08:27,?,?,Updated by 908,5/3/2016 10:00,Phone,Location 108,Category 32,Subcategory 9,Symptom 470,?,2 - Medium,2 - Medium,3 - Moderate,Group 70,?,true,false,Do Not Notify,?,?,?,?,code 6,Resolved by 85,29/2/2016 09:04,5/3/2016 10:00
INC0000079,New,true,0,0,0,true,Caller 2471,Opened by  180,29/2/2016 08:32,?,?,Updated by 908,29/2/2016 08:32,Phone,Location 204,Category 8,Subcategory 291,Symptom 530,?,2 - Medium,2 - Medium,3 - Moderate,Group 70,?,true,false,Do Not Notify,?,?,?,?,code 6,Resolved by 163,29/2/2016 11:20,5/3/2016 12:00
INC0000079,New,true,1,0,1,true,Caller 2471,Opened by  180,29/2/2016 08:32,?,?,Updated by 750,29/2/2016 11:14,Phone,Location 204,Category 55,Subcategory 170,Symptom 470,?,2 - Medium,2 - Medium,3 - Moderate,Group 65,?,true,false,Do Not Notify,?,?,?,?,code 6,Resolved by 163,29/2/2016 11:20,5/3/2016 12:00
INC0000079,Active,true,1,0,2,true,Caller 2471,Opened by  180,29/2/2016 08:32,?,?,Updated by 199,29/2/2016 11:19,Phone,Location 204,Category 55,Subcategory 170,Symptom 470,?,2 - Medium,2 - Medium,3 - Moderate,Group 65,Resolver 180,true,false,Do Not Notify,?,?,?,?,code 6,Resolved by 163,29/2/2016 11:20,5/3/2016 12:00
INC0000079,Resolved,true,1,0,3,true,Caller 2471,Opened by  180,29/2/2016 08:32,?,?,Updated by 664,29/2/2016 11:20,Phone,Location 204,Category 55,Subcategory 170,Symptom 470,?,2 - Medium,2 - Medium,3 - Moderate,Group 65,Resolver 180,true,false,Do Not Notify,?,?,?,?,code 6,Resolved by 163,29/2/2016 11:20,5/3/2016 12:00
INC0000079,Closed,false,1,0,4,true,Caller 2471,Opened by  180,29/2/2016 08:32,?,?,Updated by 908,5/3/2016 12:00,Phone,Location 204,Category 55,Subcategory 170,Symptom 470,?,2 - Medium,2 - Medium,3 - Moderate,Group 65,Resolver 180,true,false,Do Not Notify,?,?,?,?,code 6,Resolved by 163,29/2/2016 11:20,5/3/2016 12:00
INC0000080,New,true,0,0,0,true,Caller 1194,Opened by  24,29/2/2016 08:33,?,?,Updated by 908,29/2/2016 08:33,Phone,Location 229,Category 32,Subcategory 9,Symptom 4,?,2 - Medium,2 - Medium,3 - Moderate,Group 70,?,true,false,Do Not Notify,?,?,?,?,code 6,Resolved by 15,2/3/2016 11:40,7/3/2016 12:00
INC0000080,New,true,0,0,1,true,Caller 1194,Opened by  24,29/2/2016 08:33,?,?,Updated by 60,29/2/2016 08:43,Phone,Location 229,Category 32,Subcategory 9,Symptom 4,?,2 - Medium,2 - Medium,3 - Moderate,Group 70,?,true,false,Do Not Notify,?,?,?,?,code 6,Resolved by 15,2/3/2016 11:40,7/3/2016 12:00
INC0000080,New,true,0,0,2,true,Caller 1194,Opened by  24,29/2/2016 08:33,?,?,Updated by 60,29/2/2016 08:58,Phone,Location 229,Category 32,Subcategory 9,Symptom 4,?,2 - Medium,2 - Medium,3 - Moderate,Group 70,?,true,false,Do Not Notify,?,?,?,?,code 6,Resolved by 15,2/3/2016 11:40,7/3/2016 12:00
INC0000080,New,true,0,0,3,true,Caller 1194,Opened by  24,29/2/2016 08:33,?,?,Updated by 723,29/2/2016 12:49,Phone,Location 229,Category 32,Subcategory 9,Symptom 4,?,2 - Medium,2 - Medium,3 - Moderate,Group 70,?,true,false,Do Not Notify,?,?,?,?,code 6,Resolved by 15,2/3/2016 11:40,7/3/2016 12:00
INC0000080,New,true,0,0,4,true,Caller 1194,Opened by  24,29/2/2016 08:33,?,?,Updated by 578,29/2/2016 20:31,Phone,Location 229,Category 32,Subcategory 9,Symptom 4,?,2 - Medium,2 - Medium,3 - Moderate,Group 70,?,true,false,Do Not Notify,?,?,?,?,code 6,Resolved by 15,2/3/2016 11:40,7/3/2016 12:00
INC0000080,Active,true,0,0,5,true,Caller 1194,Opened by  24,29/2/2016 08:33,?,?,Updated by 111,29/2/2016 23:13,Phone,Location 229,Category 32,Subcategory 9,Symptom 4,?,2 - Medium,2 - Medium,3 - Moderate,Group 70,?,true,false,Do Not Notify,?,?,?,?,code 6,Resolved by 15,2/3/2016 11:40,7/3/2016 12:00
INC0000080,Resolved,true,0,0,6,true,Caller 1194,Opened by  24,29/2/2016 08:33,?,?,Updated by 60,2/3/2016 11:40,Phone,Location 229,Category 32,Subcategory 9,Symptom 4,?,2 - Medium,2 - Medium,3 - Moderate,Group 70,?,true,false,Do Not Notify,?,?,?,?,code 6,Resolved by 15,2/3/2016 11:40,7/3/2016 12:00
INC0000080,Closed,false,0,0,7,true,Caller 1194,Opened by  24,29/2/2016 08:33,?,?,Updated by 908,7/3/2016 12:00,Phone,Location 229,Category 32,Subcategory 9,Symptom 4,?,2 - Medium,2 - Medium,3 - Moderate,Group 70,?,true,false,Do Not Notify,?,?,?,?,code 6,Resolved by 15,2/3/2016 11:40,7/3/2016 12:00
INC0000083,New,true,0,0,0,true,Caller 4866,Opened by  131,29/2/2016 08:39,Created by 62,29/2/2016 08:56,Updated by 265,29/2/2016 08:56,Phone,Location 93,Category 24,Subcategory 164,Symptom 583,?,3 - Low,3 - Low,4 - Low,Group 70,?,true,false,Do Not Notify,Problem ID  2,?,?,?,code 7,Resolved by 62,29/2/2016 16:05,5/3/2016 17:00
INC0000083,New,true,1,0,1,true,Caller 4866,Opened by  131,29/2/2016 08:39,Created by 62,29/2/2016 08:56,Updated by 750,29/2/2016 09:19,Phone,Location 93,Category 24,Subcategory 164,Symptom 583,?,3 - Low,3 - Low,4 - Low,Group 23,?,true,false,Do Not Notify,Problem ID  2,?,?,?,code 7,Resolved by 62,29/2/2016 16:05,5/3/2016 17:00
INC0000083,New,true,1,0,2,true,Caller 4866,Opened by  131,29/2/2016 08:39,Created by 62,29/2/2016 08:56,Updated by 451,29/2/2016 10:06,Phone,Location 93,Category 24,Subcategory 164,Symptom 583,?,3 - Low,3 - Low,4 - Low,Group 23,?,true,false,Do Not Notify,Problem ID  2,?,?,?,code 7,Resolved by 62,29/2/2016 16:05,5/3/2016 17:00
INC0000083,Resolved,true,1,0,3,true,Caller 4866,Opened by  131,29/2/2016 08:39,Created by 62,29/2/2016 08:56,Updated by 241,29/2/2016 16:05,Phone,Location 93,Category 24,Subcategory 164,Symptom 583,?,3 - Low,3 - Low,4 - Low,Group 23,?,true,false,Do Not Notify,Problem ID  2,?,?,?,code 7,Resolved by 62,29/2/2016 16:05,5/3/2016 17:00
INC0000083,Closed,false,1,0,4,true,Caller 4866,Opened by  131,29/2/2016 08:39,Created by 62,29/2/2016 08:56,Updated by 908,5/3/2016 17:00,Phone,Location 93,Category 24,Subcategory 164,Symptom 583,?,3 - Low,3 - Low,4 - Low,Group 23,?,true,false,Do Not Notify,Problem ID  2,?,?,?,code 7,Resolved by 62,29/2/2016 16:05,5/3/2016 17:00
INC0000084,Active,true,0,0,0,true,Caller 3038,Opened by  433,29/2/2016 08:39,?,?,Updated by 908,29/2/2016 08:39,Phone,Location 204,Category 45,Subcategory 220,Symptom 253,?,3 - Low,3 - Low,4 - Low,Group 66,Resolver 175,true,false,Do Not Notify,?,?,?,?,code 6,Resolved by 158,12/4/2016 14:46,17/4/2016 15:07
INC0000084,Awaiting User Info,true,0,0,1,true,Caller 3038,Opened by  433,29/2/2016 08:39,?,?,Updated by 804,29/2/2016 09:11,Phone,Location 204,Category 45,Subcategory 220,Symptom 253,?,3 - Low,3 - Low,4 - Low,Group 66,Resolver 175,true,false,Do Not Notify,?,?,?,?,code 6,Resolved by 158,12/4/2016 14:46,17/4/2016 15:07
INC0000084,Awaiting User Info,true,0,0,2,true,Caller 3038,Opened by  433,29/2/2016 08:39,?,?,Updated by 804,29/2/2016 14:26,Phone,Location 204,Category 45,Subcategory 220,Symptom 253,?,3 - Low,3 - Low,4 - Low,Group 66,Resolver 175,true,false,Do Not Notify,?,?,?,?,code 6,Resolved by 158,12/4/2016 14:46,17/4/2016 15:07
INC0000084,Awaiting User Info,true,0,0,14,true,Caller 3038,Opened by  433,29/2/2016 08:39,?,?,Updated by 713,5/4/2016 06:26,Phone,Location 204,Category 45,Subcategory 220,Symptom 253,?,3 - Low,3 - Low,4 - Low,Group 66,Resolver 175,true,false,Do Not Notify,?,CHG0000647,?,?,code 6,Resolved by 158,12/4/2016 14:46,17/4/2016 15:07
INC0000084,Resolved,true,0,0,18,true,Caller 3038,Opened by  433,29/2/2016 08:39,?,?,Updated by 713,12/4/2016 14:46,Phone,Location 204,Category 45,Subcategory 220,Symptom 253,?,3 - Low,3 - Low,4 - Low,Group 66,Resolver 175,true,true,Do Not Notify,?,CHG0000647,?,?,code 6,Resolved by 158,12/4/2016 14:46,17/4/2016 15:07
INC0000084,Closed,false,0,0,19,false,Caller 3038,Opened by  433,29/2/2016 08:39,?,?,Updated by 908,17/4/2016 15:07,Phone,Location 204,Category 45,Subcategory 220,Symptom 253,?,3 - Low,3 - Low,4 - Low,Group 66,Resolver 175,true,true,Do Not Notify,?,CHG0000647,?,?,code 6,Resolved by 158,12/4/2016 14:46,17/4/2016 15:07
INC0000085,New,true,0,0,0,true,Caller 917,Opened by  180,29/2/2016 08:41,Created by 81,29/2/2016 08:47,Updated by 340,29/2/2016 08:47,Phone,Location 161,Category 20,Subcategory 125,Symptom 470,?,2 - Medium,2 - Medium,3 - Moderate,Group 54,?,true,false,Do Not Notify,Problem ID  2,?,?,?,code 7,Resolved by 208,2/3/2016 14:44,7/3/2016 15:00
INC0000085,New,true,0,0,4,true,Caller 917,Opened by  180,29/2/2016 08:41,Created by 81,29/2/2016 08:47,Updated by 451,29/2/2016 10:07,Phone,Location 161,Category 20,Subcategory 125,Symptom 470,?,2 - Medium,2 - Medium,3 - Moderate,Group 54,?,true,false,Do Not Notify,Problem ID  2,?,?,?,code 7,Resolved by 208,2/3/2016 14:44,7/3/2016 15:00
INC0000085,Resolved,true,0,0,5,true,Caller 917,Opened by  180,29/2/2016 08:41,Created by 81,29/2/2016 08:47,Updated by 874,2/3/2016 14:44,Phone,Location 161,Category 20,Subcategory 125,Symptom 470,?,2 - Medium,2 - Medium,3 - Moderate,Group 54,?,true,false,Do Not Notify,Problem ID  2,?,?,?,code 7,Resolved by 208,2/3/2016 14:44,7/3/2016 15:00
INC0000085,Closed,false,0,0,6,true,Caller 917,Opened by  180,29/2/2016 08:41,Created by 81,29/2/2016 08:47,Updated by 908,7/3/2016 15:00,Phone,Location 161,Category 20,Subcategory 125,Symptom 470,?,2 - Medium,2 - Medium,3 - Moderate,Group 54,?,true,false,Do Not Notify,Problem ID  2,?,?,?,code 7,Resolved by 208,2/3/2016 14:44,7/3/2016 15:00
INC0000086,New,true,0,0,0,true,Caller 2403,Opened by  24,29/2/2016 08:43,Created by 13,29/2/2016 08:49,Updated by 60,29/2/2016 08:49,Phone,Location 93,Category 24,Subcategory 164,Symptom 471,?,2 - Medium,2 - Medium,3 - Moderate,Group 70,?,true,false,Do Not Notify,Problem ID  2,?,?,?,code 7,Resolved by 62,1/3/2016 15:45,6/3/2016 16:00
INC0000086,New,true,0,0,1,true,Caller 2403,Opened by  24,29/2/2016 08:43,Created by 13,29/2/2016 08:49,Updated by 60,29/2/2016 08:49,Phone,Location 98,Category 24,Subcategory 164,Symptom 471,?,2 - Medium,2 - Medium,3 - Moderate,Group 70,?,true,false,Do Not Notify,Problem ID  2,?,?,?,code 7,Resolved by 62,1/3/2016 15:45,6/3/2016 16:00
INC0000086,New,true,0,0,2,true,Caller 2403,Opened by  24,29/2/2016 08:43,Created by 13,29/2/2016 08:49,Updated by 60,29/2/2016 08:50,Phone,Location 98,Category 24,Subcategory 164,Symptom 471,?,2 - Medium,2 - Medium,3 - Moderate,Group 70,?,true,false,Do Not Notify,Problem ID  2,?,?,?,code 7,Resolved by 62,1/3/2016 15:45,6/3/2016 16:00
INC0000086,New,true,0,0,3,true,Caller 2403,Opened by  24,29/2/2016 08:43,Created by 13,29/2/2016 08:49,Updated by 60,29/2/2016 08:53,Phone,Location 98,Category 24,Subcategory 164,Symptom 471,?,2 - Medium,2 - Medium,3 - Moderate,Group 70,?,true,false,Do Not Notify,Problem ID  2,?,?,?,code 7,Resolved by 62,1/3/2016 15:45,6/3/2016 16:00
INC0000086,New,true,1,0,4,true,Caller 2403,Opened by  24,29/2/2016 08:43,Created by 13,29/2/2016 08:49,Updated by 60,29/2/2016 08:54,Phone,Location 98,Category 24,Subcategory 164,Symptom 471,?,2 - Medium,2 - Medium,3 - Moderate,Group 23,?,true,false,Do Not Notify,Problem ID  2,?,?,?,code 7,Resolved by 62,1/3/2016 15:45,6/3/2016 16:00
INC0000086,New,true,1,0,5,true,Caller 2403,Opened by  24,29/2/2016 08:43,Created by 13,29/2/2016 08:49,Updated by 451,29/2/2016 10:07,Phone,Location 98,Category 24,Subcategory 164,Symptom 471,?,2 - Medium,2 - Medium,3 - Moderate,Group 23,?,true,false,Do Not Notify,Problem ID  2,?,?,?,code 7,Resolved by 62,1/3/2016 15:45,6/3/2016 16:00
INC0000086,New,true,1,0,6,true,Caller 2403,Opened by  24,29/2/2016 08:43,Created by 13,29/2/2016 08:49,Updated by 241,1/3/2016 15:40,Phone,Location 98,Category 24,Subcategory 164,Symptom 471,?,2 - Medium,2 - Medium,3 - Moderate,Group 23,?,true,false,Do Not Notify,Problem ID  2,?,?,?,code 7,Resolved by 62,1/3/2016 15:45,6/3/2016 16:00
INC0000086,Resolved,true,1,0,7,true,Caller 2403,Opened by  24,29/2/2016 08:43,Created by 13,29/2/2016 08:49,Updated by 241,1/3/2016 15:45,Phone,Location 98,Category 24,Subcategory 164,Symptom 471,?,2 - Medium,2 - Medium,3 - Moderate,Group 23,?,true,false,Do Not Notify,Problem ID  2,?,?,?,code 7,Resolved by 62,1/3/2016 15:45,6/3/2016 16:00
INC0000086,Closed,false,1,0,8,true,Caller 2403,Opened by  24,29/2/2016 08:43,Created by 13,29/2/2016 08:49,Updated by 908,6/3/2016 16:00,Phone,Location 98,Category 24,Subcategory 164,Symptom 471,?,2 - Medium,2 - Medium,3 - Moderate,Group 23,?,true,false,Do Not Notify,Problem ID  2,?,?,?,code 7,Resolved by 62,1/3/2016 15:45,6/3/2016 16:00
INC0000087,New,true,0,0,0,true,Caller 950,Opened by  180,29/2/2016 08:47,Created by 81,29/2/2016 08:56,Updated by 340,29/2/2016 08:56,Phone,Location 69,Category 53,Subcategory 194,?,?,2 - Medium,2 - Medium,3 - Moderate,Group 54,?,true,false,Do Not Notify,Problem ID  2,?,?,?,code 7,Resolved by 208,2/3/2016 14:46,7/3/2016 15:00
INC0000087,New,true,0,0,1,true,Caller 950,Opened by  180,29/2/2016 08:47,Created by 81,29/2/2016 08:56,Updated by 451,29/2/2016 10:07,Phone,Location 69,Category 53,Subcategory 194,?,?,2 - Medium,2 - Medium,3 - Moderate,Group 54,?,true,false,Do Not Notify,Problem ID  2,?,?,?,code 7,Resolved by 208,2/3/2016 14:46,7/3/2016 15:00
INC0000087,Resolved,true,0,0,2,true,Caller 950,Opened by  180,29/2/2016 08:47,Created by 81,29/2/2016 08:56,Updated by 874,2/3/2016 14:46,Phone,Location 69,Category 53,Subcategory 194,?,?,2 - Medium,2 - Medium,3 - Moderate,Group 54,?,true,false,Do Not Notify,Problem ID  2,?,?,?,code 7,Resolved by 208,2/3/2016 14:46,7/3/2016 15:00
INC0000087,Closed,false,0,0,3,true,Caller 950,Opened by  180,29/2/2016 08:47,Created by 81,29/2/2016 08:56,Updated by 908,7/3/2016 15:00,Phone,Location 69,Category 53,Subcategory 194,?,?,2 - Medium,2 - Medium,3 - Moderate,Group 54,?,true,false,Do Not Notify,Problem ID  2,?,?,?,code 7,Resolved by 208,2/3/2016 14:46,7/3/2016 15:00
INC0000088,New,true,0,0,0,true,Caller 388,Opened by  180,29/2/2016 08:48,?,?,Updated by 908,29/2/2016 08:48,Phone,Location 93,Category 42,Subcategory 224,Symptom 4,?,2 - Medium,2 - Medium,3 - Moderate,Group 70,?,true,false,Do Not Notify,?,?,?,?,code 6,Resolved by 85,29/2/2016 09:05,5/3/2016 10:00
INC0000088,Resolved,true,0,0,1,true,Caller 388,Opened by  180,29/2/2016 08:48,?,?,Updated by 340,29/2/2016 09:05,Phone,Location 93,Category 42,Subcategory 224,Symptom 4,?,2 - Medium,2 - Medium,3 - Moderate,Group 70,?,true,false,Do Not Notify,?,?,?,?,code 6,Resolved by 85,29/2/2016 09:05,5/3/2016 10:00
INC0000088,Closed,false,0,0,2,true,Caller 388,Opened by  180,29/2/2016 08:48,?,?,Updated by 908,5/3/2016 10:00,Phone,Location 93,Category 42,Subcategory 224,Symptom 4,?,2 - Medium,2 - Medium,3 - Moderate,Group 70,?,true,false,Do Not Notify,?,?,?,?,code 6,Resolved by 85,29/2/2016 09:05,5/3/2016 10:00
INC0000089,Active,true,0,0,0,true,Caller 4907,Opened by  180,29/2/2016 08:51,Created by 81,29/2/2016 09:03,Updated by 340,29/2/2016 09:03,Phone,Location 108,Category 42,Subcategory 106,Symptom 2,?,2 - Medium,3 - Low,4 - Low,Group 68,Resolver 97,true,false,Do Not Notify,?,?,?,?,code 1,Resolved by 197,3/3/2016 14:35,8/3/2016 15:00
INC0000089,Active,true,0,0,1,true,Caller 4907,Opened by  180,29/2/2016 08:51,Created by 81,29/2/2016 09:03,Updated by 653,29/2/2016 09:14,Phone,Location 108,Category 42,Subcategory 106,Symptom 2,?,2 - Medium,3 - Low,4 - Low,Group 68,Resolver 97,true,false,Do Not Notify,?,?,?,?,code 1,Resolved by 197,3/3/2016 14:35,8/3/2016 15:00
INC0000089,Active,true,1,0,2,true,Caller 4907,Opened by  180,29/2/2016 08:51,Created by 81,29/2/2016 09:03,Updated by 653,29/2/2016 09:14,Phone,Location 108,Category 42,Subcategory 106,Symptom 2,?,2 - Medium,3 - Low,4 - Low,Group 70,?,true,false,Do Not Notify,?,?,?,?,code 1,Resolved by 197,3/3/2016 14:35,8/3/2016 15:00
INC0000089,Active,true,2,0,3,true,Caller 4907,Opened by  180,29/2/2016 08:51,Created by 81,29/2/2016 09:03,Updated by 798,29/2/2016 09:14,Phone,Location 108,Category 45,Subcategory 191,Symptom 2,?,2 - Medium,3 - Low,4 - Low,Group 58,Resolver 76,true,false,Do Not Notify,?,?,?,?,code 1,Resolved by 197,3/3/2016 14:35,8/3/2016 15:00
INC0000089,Active,true,3,0,4,true,Caller 4907,Opened by  180,29/2/2016 08:51,Created by 81,29/2/2016 09:03,Updated by 310,2/3/2016 11:42,Phone,Location 108,Category 45,Subcategory 191,Symptom 2,?,2 - Medium,3 - Low,4 - Low,Group 33,?,true,false,Do Not Notify,?,?,?,?,code 1,Resolved by 197,3/3/2016 14:35,8/3/2016 15:00
INC0000089,Awaiting Problem,true,3,0,5,true,Caller 4907,Opened by  180,29/2/2016 08:51,Created by 81,29/2/2016 09:03,Updated by 862,2/3/2016 14:20,Phone,Location 108,Category 45,Subcategory 94,Symptom 26,?,2 - Medium,3 - Low,4 - Low,Group 33,Resolver 216,true,false,Do Not Notify,?,?,?,?,code 1,Resolved by 197,3/3/2016 14:35,8/3/2016 15:00
INC0000089,Awaiting Problem,true,3,0,6,true,Caller 4907,Opened by  180,29/2/2016 08:51,Created by 81,29/2/2016 09:03,Updated by 862,2/3/2016 14:27,Phone,Location 108,Category 45,Subcategory 94,Symptom 470,?,2 - Medium,3 - Low,4 - Low,Group 33,Resolver 216,true,false,Do Not Notify,?,?,?,?,code 1,Resolved by 197,3/3/2016 14:35,8/3/2016 15:00
INC0000089,Awaiting Problem,true,3,0,7,true,Caller 4907,Opened by  180,29/2/2016 08:51,Created by 81,29/2/2016 09:03,Updated by 862,2/3/2016 14:30,Phone,Location 108,Category 45,Subcategory 94,Symptom 609,?,2 - Medium,3 - Low,4 - Low,Group 33,Resolver 216,true,false,Do Not Notify,?,?,?,?,code 1,Resolved by 197,3/3/2016 14:35,8/3/2016 15:00
INC0000089,Resolved,true,3,0,8,true,Caller 4907,Opened by  180,29/2/2016 08:51,Created by 81,29/2/2016 09:03,Updated by 862,3/3/2016 14:35,Phone,Location 108,Category 45,Subcategory 94,Symptom 609,?,2 - Medium,3 - Low,4 - Low,Group 33,Resolver 216,true,false,Do Not Notify,?,?,?,?,code 1,Resolved by 197,3/3/2016 14:35,8/3/2016 15:00
INC0000089,Closed,false,3,0,9,true,Caller 4907,Opened by  180,29/2/2016 08:51,Created by 81,29/2/2016 09:03,Updated by 908,8/3/2016 15:00,Phone,Location 108,Category 45,Subcategory 94,Symptom 609,?,2 - Medium,3 - Low,4 - Low,Group 33,Resolver 216,true,false,Do Not Notify,?,?,?,?,code 1,Resolved by 197,3/3/2016 14:35,8/3/2016 15:00
INC0000092,Active,true,0,0,0,true,Caller 1811,Opened by  40,29/2/2016 08:55,?,?,Updated by 908,29/2/2016 08:55,Phone,Location 172,Category 53,Subcategory 271,Symptom 470,?,2 - Medium,2 - Medium,3 - Moderate,Group 27,?,true,false,Do Not Notify,?,?,?,?,code 5,Resolved by 99,7/3/2016 08:45,12/3/2016 09:00
INC0000092,Active,true,0,0,1,true,Caller 1811,Opened by  40,29/2/2016 08:55,?,?,Updated by 451,29/2/2016 10:07,Phone,Location 172,Category 53,Subcategory 271,Symptom 470,?,2 - Medium,2 - Medium,3 - Moderate,Group 27,?,true,false,Do Not Notify,Problem ID  2,?,?,?,code 5,Resolved by 99,7/3/2016 08:45,12/3/2016 09:00
INC0000092,Active,true,1,0,2,true,Caller 1811,Opened by  40,29/2/2016 08:55,?,?,Updated by 336,29/2/2016 13:55,Phone,Location 172,Category 53,Subcategory 271,Symptom 470,?,2 - Medium,2 - Medium,3 - Moderate,Group 72,?,true,false,Do Not Notify,Problem ID  2,?,?,?,code 5,Resolved by 99,7/3/2016 08:45,12/3/2016 09:00
INC0000092,Resolved,true,1,0,5,true,Caller 1811,Opened by  40,29/2/2016 08:55,?,?,Updated by 402,7/3/2016 08:45,Phone,Location 172,Category 53,Subcategory 271,Symptom 470,?,2 - Medium,2 - Medium,3 - Moderate,Group 72,?,true,false,Do Not Notify,Problem ID  2,?,?,?,code 5,Resolved by 99,7/3/2016 08:45,12/3/2016 09:00
INC0000092,Closed,false,1,0,6,false,Caller 1811,Opened by  40,29/2/2016 08:55,?,?,Updated by 908,12/3/2016 09:00,Phone,Location 172,Category 53,Subcategory 271,Symptom 470,?,2 - Medium,2 - Medium,3 - Moderate,Group 72,?,true,false,Do Not Notify,Problem ID  2,?,?,?,code 5,Resolved by 99,7/3/2016 08:45,12/3/2016 09:00
INC0000093,Resolved,true,0,0,0,true,Caller 3545,Opened by  131,29/2/2016 08:56,?,?,Updated by 908,29/2/2016 08:56,Phone,Location 93,Category 61,Subcategory 164,Symptom 580,?,2 - Medium,2 - Medium,3 - Moderate,Group 70,?,true,false,Do Not Notify,?,?,?,?,code 7,Resolved by 66,?,5/3/2016 10:00
INC0000093,Closed,false,0,0,1,true,Caller 3545,Opened by  131,29/2/2016 08:56,?,?,Updated by 908,5/3/2016 10:00,Phone,Location 93,Category 61,Subcategory 164,Symptom 580,?,2 - Medium,2 - Medium,3 - Moderate,Group 70,?,true,false,Do Not Notify,?,?,?,?,code 7,Resolved by 66,?,5/3/2016 10:00
INC0000094,Active,true,0,0,0,true,Caller 387,Opened by  433,29/2/2016 08:58,?,?,Updated by 908,29/2/2016 08:58,Phone,Location 204,Category 45,Subcategory 220,?,?,3 - Low,3 - Low,4 - Low,Group 66,Resolver 193,true,false,Do Not Notify,?,?,?,?,code 6,Resolved by 184,10/3/2016 10:45,24/3/2016 18:50
INC0000094,Awaiting User Info,true,0,0,1,true,Caller 387,Opened by  433,29/2/2016 08:58,?,?,Updated by 804,29/2/2016 09:11,Phone,Location 204,Category 45,Subcategory 220,?,?,3 - Low,3 - Low,4 - Low,Group 66,Resolver 193,true,false,Do Not Notify,?,?,?,?,code 6,Resolved by 184,10/3/2016 10:45,24/3/2016 18:50
INC0000094,Awaiting User Info,true,0,0,2,true,Caller 387,Opened by  433,29/2/2016 08:58,?,?,Updated by 804,29/2/2016 14:24,Phone,Location 204,Category 45,Subcategory 220,?,?,3 - Low,3 - Low,4 - Low,Group 66,Resolver 193,true,false,Do Not Notify,?,?,?,?,code 6,Resolved by 184,10/3/2016 10:45,24/3/2016 18:50
INC0000094,Resolved,true,0,0,9,true,Caller 387,Opened by  433,29/2/2016 08:58,?,?,Updated by 804,10/3/2016 10:45,Phone,Location 204,Category 45,Subcategory 220,?,?,3 - Low,3 - Low,4 - Low,Group 66,Resolver 193,true,false,Do Not Notify,?,?,?,?,code 6,Resolved by 184,10/3/2016 10:45,24/3/2016 18:50
INC0000094,Closed,false,0,0,10,false,Caller 387,Opened by  433,29/2/2016 08:58,?,?,Updated by 908,24/3/2016 18:50,Phone,Location 204,Category 45,Subcategory 220,?,?,3 - Low,3 - Low,4 - Low,Group 66,Resolver 193,true,false,Do Not Notify,?,?,?,?,code 6,Resolved by 184,10/3/2016 10:45,24/3/2016 18:50
INC0000098,New,true,0,0,0,true,Caller 4043,Opened by  24,29/2/2016 09:02,Created by 13,29/2/2016 09:08,Updated by 60,29/2/2016 09:08,Phone,Location 108,Category 20,Subcategory 125,Symptom 471,?,2 - Medium,2 - Medium,3 - Moderate,Group 70,?,true,false,Do Not Notify,Problem ID  2,?,?,?,code 7,Resolved by 208,2/3/2016 14:51,7/3/2016 15:00
INC0000098,New,true,0,0,1,true,Caller 4043,Opened by  24,29/2/2016 09:02,Created by 13,29/2/2016 09:08,Updated by 60,29/2/2016 09:11,Phone,Location 108,Category 53,Subcategory 194,Symptom 471,?,2 - Medium,2 - Medium,3 - Moderate,Group 70,?,true,false,Do Not Notify,Problem ID  2,?,?,?,code 7,Resolved by 208,2/3/2016 14:51,7/3/2016 15:00
INC0000098,New,true,1,0,2,true,Caller 4043,Opened by  24,29/2/2016 09:02,Created by 13,29/2/2016 09:08,Updated by 60,29/2/2016 09:12,Phone,Location 108,Category 53,Subcategory 194,Symptom 471,?,2 - Medium,2 - Medium,3 - Moderate,Group 54,?,true,false,Do Not Notify,Problem ID  2,?,?,?,code 7,Resolved by 208,2/3/2016 14:51,7/3/2016 15:00
INC0000098,New,true,1,0,3,true,Caller 4043,Opened by  24,29/2/2016 09:02,Created by 13,29/2/2016 09:08,Updated by 451,29/2/2016 10:07,Phone,Location 108,Category 53,Subcategory 194,Symptom 471,?,2 - Medium,2 - Medium,3 - Moderate,Group 54,?,true,false,Do Not Notify,Problem ID  2,?,?,?,code 7,Resolved by 208,2/3/2016 14:51,7/3/2016 15:00
INC0000098,Resolved,true,1,0,4,true,Caller 4043,Opened by  24,29/2/2016 09:02,Created by 13,29/2/2016 09:08,Updated by 874,2/3/2016 14:51,Phone,Location 108,Category 53,Subcategory 194,Symptom 471,?,2 - Medium,2 - Medium,3 - Moderate,Group 54,?,true,false,Do Not Notify,Problem ID  2,?,?,?,code 7,Resolved by 208,2/3/2016 14:51,7/3/2016 15:00
INC0000098,Closed,false,1,0,5,true,Caller 4043,Opened by  24,29/2/2016 09:02,Created by 13,29/2/2016 09:08,Updated by 908,7/3/2016 15:00,Phone,Location 108,Category 53,Subcategory 194,Symptom 471,?,2 - Medium,2 - Medium,3 - Moderate,Group 54,?,true,false,Do Not Notify,Problem ID  2,?,?,?,code 7,Resolved by 208,2/3/2016 14:51,7/3/2016 15:00
INC0000099,New,true,0,0,0,true,Caller 5410,Opened by  180,29/2/2016 09:03,Created by 81,29/2/2016 09:06,Updated by 340,29/2/2016 09:06,Phone,Location 51,Category 24,Subcategory 164,Symptom 529,?,2 - Medium,2 - Medium,3 - Moderate,Group 70,Resolver 201,true,false,Do Not Notify,?,?,?,?,code 8,Resolved by 183,1/3/2016 09:05,6/3/2016 10:00
INC0000099,New,true,1,0,1,true,Caller 5410,Opened by  180,29/2/2016 09:03,Created by 81,29/2/2016 09:06,Updated by 750,29/2/2016 09:13,Phone,Location 51,Category 24,Subcategory 164,Symptom 529,?,2 - Medium,2 - Medium,3 - Moderate,Group 30,Resolver 201,true,false,Do Not Notify,?,?,?,?,code 8,Resolved by 183,1/3/2016 09:05,6/3/2016 10:00
INC0000099,Resolved,true,1,0,2,true,Caller 5410,Opened by  180,29/2/2016 09:03,Created by 81,29/2/2016 09:06,Updated by 789,1/3/2016 09:05,Phone,Location 51,Category 24,Subcategory 164,Symptom 529,?,2 - Medium,2 - Medium,3 - Moderate,Group 30,Resolver 201,true,false,Do Not Notify,?,?,?,?,code 8,Resolved by 183,1/3/2016 09:05,6/3/2016 10:00
INC0000099,Closed,false,1,0,3,true,Caller 5410,Opened by  180,29/2/2016 09:03,Created by 81,29/2/2016 09:06,Updated by 908,6/3/2016 10:00,Phone,Location 51,Category 24,Subcategory 164,Symptom 529,?,2 - Medium,2 - Medium,3 - Moderate,Group 30,Resolver 201,true,false,Do Not Notify,?,?,?,?,code 8,Resolved by 183,1/3/2016 09:05,6/3/2016 10:00
INC0000100,Active,true,0,0,0,true,Caller 3082,Opened by  40,29/2/2016 09:05,Created by 20,29/2/2016 09:11,Updated by 88,29/2/2016 09:11,Phone,Location 161,Category 53,Subcategory 271,Symptom 470,?,2 - Medium,2 - Medium,3 - Moderate,Group 54,?,true,false,Do Not Notify,Problem ID  2,?,?,?,code 7,Resolved by 208,2/3/2016 14:53,7/3/2016 15:00
INC0000100,Active,true,0,0,1,true,Caller 3082,Opened by  40,29/2/2016 09:05,Created by 20,29/2/2016 09:11,Updated by 451,29/2/2016 10:07,Phone,Location 161,Category 53,Subcategory 271,Symptom 470,?,2 - Medium,2 - Medium,3 - Moderate,Group 54,?,true,false,Do Not Notify,Problem ID  2,?,?,?,code 7,Resolved by 208,2/3/2016 14:53,7/3/2016 15:00
INC0000100,Resolved,true,0,0,2,true,Caller 3082,Opened by  40,29/2/2016 09:05,Created by 20,29/2/2016 09:11,Updated by 874,2/3/2016 14:53,Phone,Location 161,Category 53,Subcategory 271,Symptom 470,?,2 - Medium,2 - Medium,3 - Moderate,Group 54,?,true,false,Do Not Notify,Problem ID  2,?,?,?,code 7,Resolved by 208,2/3/2016 14:53,7/3/2016 15:00
INC0000100,Closed,false,0,0,3,true,Caller 3082,Opened by  40,29/2/2016 09:05,Created by 20,29/2/2016 09:11,Updated by 908,7/3/2016 15:00,Phone,Location 161,Category 53,Subcategory 271,Symptom 470,?,2 - Medium,2 - Medium,3 - Moderate,Group 54,?,true,false,Do Not Notify,Problem ID  2,?,?,?,code 7,Resolved by 208,2/3/2016 14:53,7/3/2016 15:00
INC0000101,New,true,0,0,0,true,Caller 1892,Opened by  180,29/2/2016 09:05,Created by 81,29/2/2016 09:13,Updated by 340,29/2/2016 09:13,Phone,Location 143,Category 42,Subcategory 224,Symptom 560,?,2 - Medium,3 - Low,4 - Low,Group 65,Resolver 180,true,false,Do Not Notify,?,?,?,?,code 6,Resolved by 163,29/2/2016 11:00,5/3/2016 12:00
INC0000101,New,true,0,0,1,true,Caller 1892,Opened by  180,29/2/2016 09:05,Created by 81,29/2/2016 09:13,Updated by 798,29/2/2016 09:42,Phone,Location 143,Category 55,Subcategory 170,Symptom 273,?,2 - Medium,3 - Low,4 - Low,Group 65,Resolver 180,true,false,Do Not Notify,?,?,?,?,code 6,Resolved by 163,29/2/2016 11:00,5/3/2016 12:00
INC0000101,Active,true,0,0,2,true,Caller 1892,Opened by  180,29/2/2016 09:05,Created by 81,29/2/2016 09:13,Updated by 15,29/2/2016 10:28,Phone,Location 143,Category 55,Subcategory 170,Symptom 273,?,2 - Medium,3 - Low,4 - Low,Group 65,Resolver 180,true,false,Do Not Notify,?,?,?,?,code 6,Resolved by 163,29/2/2016 11:00,5/3/2016 12:00
INC0000101,Active,true,0,0,3,true,Caller 1892,Opened by  180,29/2/2016 09:05,Created by 81,29/2/2016 09:13,Updated by 664,29/2/2016 10:59,Phone,Location 143,Category 55,Subcategory 170,Symptom 273,?,2 - Medium,3 - Low,4 - Low,Group 65,Resolver 180,true,false,Do Not Notify,?,?,?,?,code 6,Resolved by 163,29/2/2016 11:00,5/3/2016 12:00
